Champion,cc,CC rating in game,CC from reddit as number,Delta,Notes
Gnar,High CC,1,3,2,I'll keep it as 3
Aurelion_Sol,Medium CC,2,2,0,"2 good CC, moving to medium though from high"
Cho'Gath,Medium CC,2,2,0,Moved from high to medium
Hecarim,Medium CC,2,2,0,Has 1 skill and ultimate moving to medium
Jarvan_IV,Medium CC,2,2,0,Moving to medium
Lulu,High CC,2,3,1,
Riven,High CC,2,3,1,
Singed,High CC,2,3,1,
Tahm_Kench,High CC,2,3,1,
Yasuo,Medium CC,2,2,0,Moving to medium
Corki,Medium CC,1,2,1,fine as is
Draven,Medium CC,1,2,1,
Garen,Low CC,1,1,0,Setting to low fro mmedium
Jayce,Medium CC,1,2,1,
Kalista,Medium CC,1,2,1,
Kassadin,Medium CC,1,2,1,
LeBlanc,Medium CC,2,2,0,
Shyvana,Medium CC,1,2,1,
Trundle,Medium CC,1,2,1,
Camille,High CC,2,3,1,Has good mobility treated as cc
Alistar,High CC,3,3,0,
Amumu,High CC,3,3,0,
Anivia,High CC,3,3,0,
Bard,High CC,3,3,0,
Blitzcrank,High CC,3,3,0,
Braum,High CC,3,3,0,
Cassiopeia,High CC,3,3,0,
Fiddlesticks,High CC,3,3,0,
Gragas,High CC,3,3,0,
Janna,High CC,3,3,0,
Leona,High CC,3,3,0,
Lissandra,High CC,3,3,0,
Malzahar,High CC,3,3,0,
Maokai,High CC,3,3,0,
Morgana,High CC,3,3,0,
Nami,High CC,3,3,0,
Nautilus,High CC,3,3,0,
Poppy,High CC,3,3,0,
Rammus,High CC,3,3,0,
Sejuani,High CC,3,3,0,
Sion,High CC,3,3,0,
Skarner,High CC,3,3,0,
Thresh,High CC,3,3,0,
Vi,High CC,3,3,0,
Xin_Zhao,Medium CC,2,2,0,
Zac,High CC,3,3,0,
Zyra,High CC,3,3,0,
Aatrox,Medium CC,2,2,0,
Ahri,Medium CC,2,2,0,
Azir,Medium CC,2,2,0,
Brand,Medium CC,2,2,0,
Caitlyn,Medium CC,2,2,0,
Darius,Medium CC,2,2,0,
Diana,Medium CC,2,2,0,
Ekko,Medium CC,2,2,0,
Elise,Medium CC,2,2,0,
Fiora,Medium CC,2,2,0,
Fizz,Medium CC,2,2,0,
Heimerdinger,Medium CC,2,2,0,
Irelia,Medium CC,2,2,0,
Jax,Medium CC,2,2,0,
Jhin,Medium CC,2,2,0,
Jinx,Medium CC,2,2,0,
Karma,Medium CC,2,2,0,
Lee_Sin,Medium CC,2,2,0,
Lux,Medium CC,2,2,0,
Nocturne,Medium CC,2,2,0,
Orianna,Medium CC,2,2,0,
Pantheon,Medium CC,2,2,0,
Quinn,Medium CC,2,2,0,
Rek'Sai,Medium CC,2,2,0,
Renekton,Medium CC,2,2,0,
Rengar,Medium CC,2,2,0,
Ryze,Medium CC,2,2,0,
Shaco,Medium CC,2,2,0,
Shen,Medium CC,2,2,0,
Sona,Medium CC,2,2,0,
Soraka,Medium CC,2,2,0,
Swain,Medium CC,2,2,0,
Syndra,Medium CC,2,2,0,
Taric,Medium CC,2,2,0,
Teemo,Medium CC,2,2,0,
Tristana,Medium CC,2,2,0,
Twisted_Fate,Medium CC,2,2,0,
Udyr,Medium CC,2,2,0,
Urgot,Medium CC,2,2,0,
Varus,Medium CC,2,2,0,
Vayne,Medium CC,2,2,0,
Vel'Koz,Medium CC,2,2,0,
Viktor,Medium CC,2,2,0,
Volibear,Medium CC,2,2,0,
Warwick,Medium CC,2,2,0,
Wukong,Medium CC,2,2,0,
Xerath,Medium CC,2,2,0,
Ziggs,Medium CC,2,2,0,
Zilean,Medium CC,2,2,0,
Akali,Low CC,1,1,0,
Dr._Mundo,Low CC,1,1,0,
Evelynn,Low CC,1,1,0,
Gangplank,Low CC,1,1,0,
Graves,Low CC,1,1,0,
Illaoi,Low CC,1,1,0,
Karthus,Low CC,1,1,0,
Kayle,Low CC,1,1,0,
Kha'Zix,Low CC,1,1,0,
Kog'Maw,Low CC,1,1,0,
Miss_Fortune,Low CC,1,1,0,
Talon,Low CC,1,1,0,
Tryndamere,Low CC,1,1,0,
Twitch,Low CC,1,1,0,
Vladimir,Low CC,1,1,0,
Zed,Low CC,1,1,0,
Sett,Medium CC,2,2,0,
Taliyah,Medium CC,2,2,0,
Kled,Low CC,1,1,0,
Ivern,High CC,3,3,0,
Xayah,High CC,3,3,0,
Rakan,High CC,3,3,0,
Ornn,High CC,3,3,0,
Zoe,Medium CC,2,2,0,
Pyke,High CC,3,3,0,
Neeko,High CC,3,3,0,
Sylas,Low CC,1,1,0,
Yuumi,Low CC,1,1,0,
Qiyana,Medium CC,2,2,0,
Senna,Medium CC,2,2,0,
Lillia,Medium CC,2,2,0,
Yone,Medium CC,2,2,0,
Seraphine,High CC,3,3,0,
Rell,High CC,3,3,0,
Viego,Medium CC,2,2,0,
Gwen,Low CC,1,1,0,
Ezreal,No CC,1,1,0,
Katarina,No CC,1,1,0,
Lucian,No CC,1,1,0,
Master_Yi,No CC,1,1,0,
Mordekaiser,No CC,1,1,0,
Nidalee,No CC,1,1,0,
Sivir,No CC,1,1,0,
Kayn,No CC,1,1,0,
Kai'Sa,No CC,1,1,0,
Samira,No CC,1,1,0,
Akshan,No CC,1,1,0,
Annie,High CC,3,3,0,Really easy for a good stun ill go with high cc
Ashe,High CC,3,3,0,Moving from medium to high
Galio,High CC,3,3,0,"I'll move this to high, pretty good taunt and ultimate and maybe an indirect taunt"
Kennen,Medium CC,3,2,-1,medium seems right
Malphite,High CC,3,3,0,Seems like high cc to me
Veigar,High CC,3,3,0,Seems high to me
Kindred,Low CC,2,1,-1,
Nasus,Medium CC,2,2,0,"Pretty good slow and point and click, going from low to medium"
Nunu,Medium CC,2,2,0,Medium seems right
Olaf,Low CC,2,1,-1,
Rumble,Medium CC,2,2,0,I think medium is pretty good has 1 slow skill that can be used twice and runs fast to hit it and ultimate. 
Yorick,Low CC,2,1,-1,
Vex,Low CC,2,1,-1,